NAME	URL	TRAIL_MAP_URL	LOGO_URL	ADDRESS	PHONE	HOURS OF OPERATION	LIFTS	TRAILS	ACRES	TERRAIN_PARK
Kirkwood	https://www.kirkwood.com	https://s3.onthesnow.com/images/trailmaps/lake-tahoe/kirkwood/20150217131346/xlarge.jpg	https://yt3.ggpht.com/--2DN8P7nP08/AAAAAAAAAAI/AAAAAAAAAAA/U5IJAG9ZY74/s288-mo-c-c0xffffffff-rj-k-no/photo.jpg	1501 Kirkwood Meadows Drive Kirkwood, CA 95646	209.258.6000	9:00am - 4:00pm	15	86	2300	TRUE
Sierra at Tahoe	https://www.sierraattahoe.com	https://s3.onthesnow.com/images/trailmaps/lake-tahoe/sierra-at-tahoe/20170628211413/xlarge.jpg	https://cdn.adventuresportsnetwork.com/uploads/2016/01/sierra-600x221.jpg	1111 Sierra-at-Tahoe Road Twin Bridges, CA 95735	530.659.7453	9:00am - 4:00pm	14	46	2000	TRUE
Heavenly Mountain Resort	http://skiheavenly.com	http://www.cityconcierge.com/lake-tahoe/winter/kirkwood-trail-map-large.jpg	http://tahoe50.org/wp-content/uploads/2013/12/heavenly-1024x610.png	4080 Lake Tahoe Blvd. South Lake Tahoe, CA 96150	775-586-7000	9:00am - 4:00pm	27	94	4630	TRUE
Squaw Valley	http://squawalpine.com	https://s3.onthesnow.com/images/trailmaps/lake-tahoe/squaw-valley-usa/20161114212026/xlarge.jpg	https://cdn.actionhub.com/wp-content/uploads/2013/11/Squaw-Valley-logo-400x479.jpg	1960 SQUAW VALLEY ROAD OLYMPIC VALLEY, CA 96146	1.800.403.0206	9:00am - 4:00pm	29	170	3600	TRUE
Northstar California	https://www.northstarcalifornia.com	http://www.skicentral.com/assets/images/trailmaps/916007-1200.jpg	https://www.tahoedailytribune.com/wp-content/uploads/2016/12/Screen-Shot-2016-12-12-at-8.46.23-AM.png	5001 Northstar Drive Truckee, CA 96160	1.800.466.6784	8:30am - 4:00pm	20	100	3170	TRUE
Homewood Mountain Resort	http://skihomewood.com	http://www.skicentral.com/assets/images/trailmaps/916009-1200.jpg	https://www.rei.com/media/b91a685e-e7b4-4e52-877b-35cbaf818c7a?size=1020x510	5145 West Lake Blvd. Homewood, CA 96141	530-525-2992	9:00am - 4:00pm	8	67	1260	TRUE
Donner Ski Ranch	https://www.donnerskiranch.com	https://res.cloudinary.com/liftopia/image/upload/c_fit,d_default_logo_1.png,f_auto,h_980,q_auto,w_980/v1/production/trail_maps/e958be0ed4fd647b8afc419d1043118c	https://static1.squarespace.com/static/581b7797cd0f68b05009ce5e/t/58d06ae886e6c0c49aeffe30/1504673712775/?format=1500w	19320 Donner Pass Road Norden, CA 95724	530.426.3635	9:00am - 4:00pm	6	52	500	FALSE
Soda Springs	http://www.skisodasprings.com	http://www.skicentral.com/assets/images/trailmaps/916010-1200.jpg	https://pbs.twimg.com/profile_images/910242716549660672/SoiO-_9Y_400x400.jpg	10244 Soda Springs Rd. Soda Springs, CA 95728	(530) 426-3666	9:00am - 4:00pm	2	5	300	FALSE
Sugar Bowl	http://www.sugarbowl.com	http://www.skicentral.com/assets/images/trailmaps/916012-1200.jpg	https://pbs.twimg.com/profile_images/938280426879070208/xHK4xZ4Z_400x400.jpg	629 Sugar Bowl Rd. Norden, CA 95724	(530) 426-9000	9:00am - 4:00pm	12	98	1650	FALSE